Site,Region,Plot_No,Species_Code,Latin_Name,SP_Total_Cover
RPD2_B8,LI,142,QUCO,Quercus coccinea,3
RPD2_B8,LI,142,VAPA,Vaccinium pallidum,4
RPD2_B8,LI,144,QUCO,Quercus coccinea,1
RPD2_B8,LI,144,QUVE,Quercus velutina,2
RPD2_B8,LI,144,GABA,Gaylussacia baccata,2
RPD2_B8,LI,144,VAPA,Vaccinium pallidum,3
RPD2_B8,LI,146,QUCO,Quercus coccinea,1
RPD2_B8,LI,146,GABA,Gaylussacia baccata,3
RPD2_B8,LI,146,VAPA,Vaccinium pallidum,2
RPD2_B8,LI,148,QUCO,Quercus coccinea,5
RPD2_B8,LI,148,QUVE,Quercus velutina,4
RPD2_B8,LI,148,QUIL,Quercus ilicifolia,4
RPD2_B8,LI,148,GABA,Gaylussacia baccata,4
RPD2_B8,LI,148,VAPA,Vaccinium pallidum,2
RPD2_B8,LI,150,QUCO,Quercus coccinea,2
RPD2_B8,LI,150,GABA,Gaylussacia baccata,2
RPD2_B8,LI,150,VAPA,Vaccinium pallidum,3
RPD2_B8,LI,150,CAPE,Carex pensylvanica,2
RPD2_B8,LI,150,LYMA,Lyonia mariana,2
RPD2_B8,LI,152,QUCO,Quercus coccinea,1
RPD2_B8,LI,152,LYMA,Lyonia mariana,4
RPD2_B8,LI,152,GABA,Gaylussacia baccata,3
RPD2_B8,LI,152,VAPA,Vaccinium pallidum,2
RPD2_B8,LI,154,QUCO,Quercus coccinea,4
RPD2_B8,LI,154,GABA,Gaylussacia baccata,4
RPD2_B8,LI,154,VAPA,Vaccinium pallidum,2
RPD2_B8,LI,154,CHMA,Chimaphila maculata,1
RPD2_B8,LI,154,MELI,Melampyrum lineare,1
RPD2_B8,LI,156,QUCO,Quercus coccinea,1
RPD2_B8,LI,156,GABA,Gaylussacia baccata,4
RPD2_B8,LI,156,VAPA,Vaccinium pallidum,3
RPD2_B8,LI,156,LYMA,Lyonia mariana,3
RPD2_B8,LI,158,QUVE,Quercus velutina,2
RPD2_B8,LI,158,GABA,Gaylussacia baccata,3
RPD2_B8,LI,158,VAPA,Vaccinium pallidum,4
RPD2_B7,LI,124,QUVE,Quercus velutina,2
RPD2_B7,LI,124,QUCO,Quercus coccinea,2
RPD2_B7,LI,124,GABA,Gaylussacia baccata,1
RPD2_B7,LI,124,VAPA,Vaccinium pallidum,3
RPD2_B7,LI,126,QUCO,Quercus coccinea,2
RPD2_B7,LI,126,VAPA,Vaccinium pallidum,3
RPD2_B7,LI,126,GABA,Gaylussacia baccata,2
RPD2_B7,LI,128,VAPA,Vaccinium pallidum,4
RPD2_B7,LI,130,QUAL,Quercus alba,2
RPD2_B7,LI,130,QUCO,Quercus coccinea,2
RPD2_B7,LI,130,VAPA,Vaccinium pallidum,3
RPD2_B7,LI,132,QUCO,Quercus coccinea,2
RPD2_B7,LI,132,GABA,Gaylussacia baccata,6
RPD2_B7,LI,132,VAPA,Vaccinium pallidum,2
RPD2_B7,LI,134,QUCO,Quercus coccinea,2
RPD2_B7,LI,134,QUAL,Quercus alba,2
RPD2_B7,LI,134,GABA,Gaylussacia baccata,2
RPD2_B7,LI,134,VAPA,Vaccinium pallidum,3
RPD2_B7,LI,136,QUAL,Quercus alba,2
RPD2_B7,LI,136,VAPA,Vaccinium pallidum,5
RPD2_B7,LI,138,QUCO,Quercus coccinea,1
RPD2_B7,LI,138,VAPA,Vaccinium pallidum,3
RPD2_B7,LI,138,GABA,Gaylussacia baccata,3
RPD2_B7,LI,138,CAPE,Carex pensylvanica,1
RPD2_B7,LI,140,CASp,Carya sp.,1
RPD2_B7,LI,140,QUCO,Quercus coccinea,2
RPD2_B7,LI,140,VAPA,Vaccinium pallidum,2
RPD2_B7,LI,140,QUAL,Quercus alba,1
RPD2_B3,LI,88,QUIL,Quercus ilicifolia,4
RPD2_B3,LI,88,GABA,Gaylussacia baccata,2
RPD2_B3,LI,88,CAPE,Carex pensylvanica,2
RPD2_B3,LI,88,VAPA,Vaccinium pallidum,1
RPD2_B3,LI,90,QUCO,Quercus coccinea,4
RPD2_B3,LI,90,QUAL,Quercus alba,4
RPD2_B3,LI,90,GABA,Gaylussacia baccata,2
RPD2_B3,LI,90,PTAQ,Pteridium aquilinum,2
RPD2_B3,LI,90,VAPA,Vaccinium pallidum,1
RPD2_B3,LI,92,QUCO,Quercus coccinea,2
RPD2_B3,LI,92,GABA,Gaylussacia baccata,5
RPD2_B3,LI,92,VAPA,Vaccinium pallidum,4
RPD2_B3,LI,92,MELI,Melampyrum lineare,1
RPD2_B3,LI,94,QUAL,Quercus alba,1
RPD2_B3,LI,94,QUVE,Quercus velutina,2
RPD2_B3,LI,94,GABA,Gaylussacia baccata,4
RPD2_B3,LI,94,VAPA,Vaccinium pallidum,5
RPD2_B3,LI,96,QUAL,Quercus alba,3
RPD2_B3,LI,96,GABA,Gaylussacia baccata,2
RPD2_B3,LI,96,VAPA,Vaccinium pallidum,2
RPD2_B3,LI,96,QUIL,Quercus ilicifolia,2
RPD2_B3,LI,96,CAPE,Carex pensylvanica,1
RPD2_B3,LI,96,PTAQ,Pteridium aquilinum,2
RPD2_B3,LI,98,QUCO,Quercus coccinea,3
RPD2_B3,LI,98,PIRI,Pinus rigida,1
RPD2_B3,LI,98,GABA,Gaylussacia baccata,3
RPD2_B3,LI,98,VAPA,Vaccinium pallidum,2
RPD2_B3,LI,100,QUCO,Quercus coccinea,3
RPD2_B3,LI,100,SAAL,Sassafras albidum,1
RPD2_B3,LI,100,GABA,Gaylussacia baccata,5
RPD2_B3,LI,100,VAPA,Vaccinium pallidum,2
RPD2_B3,LI,100,QUAL,Quercus alba,4
RPD2_B3,LI,102,QUAL,Quercus alba,5
RPD2_B3,LI,102,GABA,Gaylussacia baccata,4
RPD2_B3,LI,102,VAPA,Vaccinium pallidum,3
RPD2_B3,LI,102,PTAQ,Pteridium aquilinum,3
RPD2_B3,LI,104,QUCO,Quercus coccinea,2
RPD2_B3,LI,104,GABA,Gaylussacia baccata,2
RPD2_B3,LI,104,VAPA,Vaccinium pallidum,3
APB_Hippo,ALB,661,DILO,Diervilla lonicera,2
APB_Hippo,ALB,661,QUPR,Quercus prinoides,4
APB_Hippo,ALB,661,GABA,Gaylussacia baccata,3
APB_Hippo,ALB,661,ACRU,Acer rubrum,1
APB_Hippo,ALB,661,VAPA,Vaccinium pallidum,3
APB_Hippo,ALB,661,PAQU,Parthenocissus quinquefolia,4
APB_Hippo,ALB,661,CEOR,Celastrus orbiculatus,2
APB_Hippo,ALB,661,PRSE,Prunus serotina,1
APB_Hippo,ALB,661,FRAL,Frangula alnus,1
APB_Hippo,ALB,661,ANQU,Anemone quinquefolia,1
APB_Hippo,ALB,659,PRSE,Prunus serotina,4
APB_Hippo,ALB,659,QUPR,Quercus prinoides,3
APB_Hippo,ALB,659,ACRU,Acer rubrum,2
APB_Hippo,ALB,659,CAPE,Carex pensylvanica,5
APB_Hippo,ALB,659,VAPA,Vaccinium pallidum,2
APB_Hippo,ALB,659,GABA,Gaylussacia baccata,3
APB_Hippo,ALB,659,ROMU,Rosa multiflora,2
APB_Hippo,ALB,659,LYQU,Lysimachia quadrifolia,2
APB_Hippo,ALB,659,CEOR,Celastrus orbiculatus,3
APB_Hippo,ALB,659,VIDE,Viburnum dentatum,2
APB_Hippo,ALB,657,QUIL,Quercus ilicifolia,2
APB_Hippo,ALB,657,ACRU,Acer rubrum,1
APB_Hippo,ALB,657,GABA,Gaylussacia baccata,5
APB_Hippo,ALB,657,CAPE,Carex pensylvanica,1
APB_Hippo,ALB,657,VIDE,Viburnum dentatum,1
APB_Hippo,ALB,657,ROMU,Rosa multiflora,1
APB_Hippo,ALB,655,QUPR,Quercus prinoides,5
APB_Hippo,ALB,655,PRSE,Prunus serotina,3
APB_Hippo,ALB,655,ACRU,Acer rubrum,2
APB_Hippo,ALB,655,VIDE,Viburnum dentatum,1
APB_Hippo,ALB,655,SWAL,Swida alternifolia,2
APB_Hippo,ALB,655,FRSP,Fragaria species,1
APB_Hippo,ALB,655,ILVE,Ilex verticillata,2
APB_Hippo,ALB,655,LOSP,Lonicera sp.,2
APB_Hippo,ALB,655,COAM,Corylus americana,3
APB_Hippo,ALB,655,CAPE,Carex pensylvanica,1
APB_Hippo,ALB,655,CEOR,Celastrus orbiculatus,1
APB_Hippo,ALB,653,QUIL,Quercus ilicifolia,3
APB_Hippo,ALB,653,ACRU,Acer rubrum,2
APB_Hippo,ALB,653,AMSP,Amelanchier spp.,1
APB_Hippo,ALB,653,PRSE,Prunus serotina,2
APB_Hippo,ALB,653,FRAL,Frangula alnus,1
APB_Hippo,ALB,653,CAPE,Carex pensylvanica,6
APB_Hippo,ALB,653,VIDE,Viburnum dentatum,2
APB_Hippo,ALB,653,ARNU,Aralia nudicaulis,2
APB_Hippo,ALB,653,LOSP,Lonicera sp.,2
APB_Hippo,ALB,653,ILVE,Ilex verticillata,2
APB_Hippo,ALB,653,APAN,Apocynum androsaemifolium,1
APB_Hippo,ALB,653,MOUN,Monotropa uniflora,1
APB_Hippo,ALB,653,CEOR,Celastrus orbiculatus,2
APB_Hippo,ALB,653,LYQU,Lysimachia quadrifolia,2
APB_Hippo,ALB,651,ACRU,Acer rubrum,2
APB_Hippo,ALB,651,QUIL,Quercus ilicifolia,3
APB_Hippo,ALB,651,QUPR,Quercus prinoides,3
APB_Hippo,ALB,651,CAPE,Carex pensylvanica,3
APB_Hippo,ALB,651,TORA,Toxicodendron radicans,2
APB_Hippo,ALB,651,PAQU,Parthenocissus quinquefolia,1
APB_Hippo,ALB,651,FRSP,Fragaria species,2
APB_Hippo,ALB,651,VIDE,Viburnum dentatum,1
APB_Hippo,ALB,651,CEOR,Celastrus orbiculatus,2
APB_Hippo,ALB,651,VACO,Vaccinium corymbosum,1
APB_Hippo,ALB,649,ACRU,Acer rubrum,3
APB_Hippo,ALB,649,PRSE,Prunus serotina,2
APB_Hippo,ALB,649,ONSE,Onoclea sensibilis,4
APB_Hippo,ALB,649,VIDE,Viburnum dentatum,2
APB_Hippo,ALB,649,CEOR,Celastrus orbiculatus,2
APB_Hippo,ALB,649,LOSP,Lonicera sp.,1
APB_Hippo,ALB,647,QUIL,Quercus ilicifolia,2
APB_Hippo,ALB,647,QUPR,Quercus prinoides,2
APB_Hippo,ALB,647,PRSE,Prunus serotina,5
APB_Hippo,ALB,647,PRVI,Prunus virginiana,3
APB_Hippo,ALB,647,ACRU,Acer rubrum,3
APB_Hippo,ALB,647,RUSP,Rubus species,2
APB_Hippo,ALB,647,MICA,Maianthemum canadense,2
APB_Hippo,ALB,647,CAPE,Carex pensylvanica,1
APB_Hippo,ALB,647,VIDE,Viburnum dentatum,2
APB_Hippo,ALB,645,ACRU,Acer rubrum,3
APB_Hippo,ALB,645,PRSE,Prunus serotina,4
APB_Hippo,ALB,645,FRAL,Frangula alnus,1
APB_Hippo,ALB,645,ARNU,Aralia nudicaulis,3
APB_Hippo,ALB,645,CEOR,Celastrus orbiculatus,2
APB_Hippo,ALB,645,SWAL,Swida alternifolia,2
APB_Hippo,ALB,643,ONSE,Onoclea sensibilis,4
APB_Hydro,ALB,681,PAQU,Parthenocissus quinquefolia,4
APB_Hydro,ALB,681,ALPE,Alliaria petiolata,4
APB_Hydro,ALB,681,CICA,Circaea canadensis,3
APB_Hydro,ALB,681,TORA,Toxicodendron radicans,3
APB_Hydro,ALB,681,IMSP,Impatiens species,2
APB_Hydro,ALB,679,PRVI,Prunus virginiana,6
APB_Hydro,ALB,679,PAQU,Parthenocissus quinquefolia,3
APB_Hydro,ALB,679,CICA,Circaea canadensis,2
APB_Hydro,ALB,679,OSCI,Osmundastrum cinnamomeum,5
APB_Hydro,ALB,679,MICA,Maianthemum canadense,2
APB_Hydro,ALB,679,TORA,Toxicodendron radicans,2
APB_Hydro,ALB,677,PRSE,Prunus serotina,1
APB_Hydro,ALB,677,PAQU,Parthenocissus quinquefolia,3
APB_Hydro,ALB,677,ONSE,Onoclea sensibilis,5
APB_Hydro,ALB,677,MICA,Maianthemum canadense,2
APB_Hydro,ALB,677,CICA,Circaea canadensis,2
APB_Hydro,ALB,677,CEOR,Celastrus orbiculatus,1
APB_Hydro,ALB,677,ALPE,Alliaria petiolata,1
APB_Hydro,ALB,675,PAQU,Parthenocissus quinquefolia,7
APB_Hydro,ALB,675,COSP,Cornus species,5
APB_Hydro,ALB,675,CICA,Circaea canadensis,2
APB_Hydro,ALB,675,ALPE,Alliaria petiolata,2
APB_Hydro,ALB,675,CEOR,Celastrus orbiculatus,3
APB_Hydro,ALB,675,RUSP,Rubus species,1
APB_Hydro,ALB,673,PAQU,Parthenocissus quinquefolia,4
APB_Hydro,ALB,673,CEOR,Celastrus orbiculatus,2
APB_Hydro,ALB,673,CICA,Circaea canadensis,1
APB_Hydro,ALB,673,MICA,Maianthemum canadense,2
APB_Hydro,ALB,673,ALPE,Alliaria petiolata,1
APB_Hydro,ALB,671,ACRU,Acer rubrum,3
APB_Hydro,ALB,671,PRSE,Prunus serotina,2
APB_Hydro,ALB,671,DRIN,Dryopteris intermedia,4
APB_Hydro,ALB,671,CEOR,Celastrus orbiculatus,3
APB_Hydro,ALB,671,PAQU,Parthenocissus quinquefolia,4
APB_Hydro,ALB,671,MICA,Maianthemum canadense,2
APB_Hydro,ALB,671,VIDE,Viburnum dentatum,1
APB_Hydro,ALB,671,LYBO,Lysimachia borealis,2
APB_Hydro,ALB,671,CICA,Circaea canadensis,2
APB_Hydro,ALB,671,SMRA,Smilacina racemosa,1
APB_Hydro,ALB,669,ACRU,Acer rubrum,2
APB_Hydro,ALB,669,FRAL,Frangula alnus,1
APB_Hydro,ALB,669,CEOR,Celastrus orbiculatus,2
APB_Hydro,ALB,669,VIDE,Viburnum dentatum,2
APB_Hydro,ALB,669,MICA,Maianthemum canadense,2
APB_Hydro,ALB,669,COAM,Corylus americana,2
APB_Hydro,ALB,669,RUSP,Rubus species,2
APB_Hydro,ALB,669,PAQU,Parthenocissus quinquefolia,2
APB_Hydro,ALB,667,ACRU,Acer rubrum,2
APB_Hydro,ALB,667,SAAL,Sassafras albidum,3
APB_Hydro,ALB,667,PRSE,Prunus serotina,4
APB_Hydro,ALB,667,CEOR,Celastrus orbiculatus,5
APB_Hydro,ALB,667,PAQU,Parthenocissus quinquefolia,3
APB_Hydro,ALB,667,MICA,Maianthemum canadense,4
APB_Hydro,ALB,667,VIDE,Viburnum dentatum,2
APB_Hydro,ALB,667,SWAL,Swida alternifolia,3
APB_Hydro,ALB,665,VIAC,Viburnum acerifolium,3
APB_Hydro,ALB,665,SYFO,Symplocarpus foetidus,6
APB_Hydro,ALB,665,OSCI,Osmundastrum cinnamomeum,2
APB_Hydro,ALB,665,PAQU,Parthenocissus quinquefolia,2
APB_Hydro,ALB,665,CEOR,Celastrus orbiculatus,1
APB_Hydro,ALB,665,ONSE,Onoclea sensibilis,2
APB_Hydro,ALB,663,TORA,Toxicodendron radicans,2
APB_Hydro,ALB,663,SYFO,Symplocarpus foetidus,6
APB_Hydro,ALB,663,DRIN,Dryopteris intermedia,3
APB_Hydro,ALB,663,IMSP,Impatiens species,3
APB_Hydro,ALB,663,FRAL,Frangula alnus,2
APB_Hydro,ALB,663,VIDE,Viburnum dentatum,1
APB_Hydro,ALB,663,CEOR,Celastrus orbiculatus,1
APB_Hydro,ALB,663,COSP,Cornus species,2
APB_Hydro,ALB,663,SOPA,Solidago patula,3
MS_09-d,MA,641,PTAQ,Pteridium aquilinum,2
MS_09-d,MA,641,GAPR,Gaultheria procumbens,3
MS_09-d,MA,641,CAPE,Carex pensylvanica,2
MS_09-d,MA,641,MELI,Melampyrum lineare,1
MS_09-d,MA,641,ARUV,Arctostaphylos uva-ursi,5
MS_09-d,MA,639,GABA,Gaylussacia baccata,5
MS_09-d,MA,639,VAPA,Vaccinium pallidum,5
MS_09-d,MA,639,RUSP,Rubus species,2
MS_09-d,MA,639,GAPR,Gaultheria procumbens,2
MS_09-d,MA,639,QUIL,Quercus ilicifolia,1
MS_09-d,MA,637,GABA,Gaylussacia baccata,3
MS_09-d,MA,637,VAPA,Vaccinium pallidum,4
MS_09-d,MA,637,GAPR,Gaultheria procumbens,2
MS_09-d,MA,637,MELI,Melampyrum lineare,1
MS_09-d,MA,407,QUIL,Quercus ilicifolia,2
MS_09-d,MA,407,VAPA,Vaccinium pallidum,4
MS_09-d,MA,407,ARNU,Aralia nudicaulis,2
MS_09-d,MA,407,MELI,Melampyrum lineare,1
MS_09-d,MA,407,PIRI,Pinus rigida,4
MS_09-d,MA,405,VAPA,Vaccinium pallidum,4
MS_09-d,MA,405,GAPR,Gaultheria procumbens,4
MS_09-d,MA,405,ARNU,Aralia nudicaulis,4
MS_09-d,MA,405,GABA,Gaylussacia baccata,1
MS_09-d,MA,405,CAPE,Carex pensylvanica,1
MS_09-d,MA,403,VAAN,Vaccinium angustifolium,2
MS_09-d,MA,403,GABA,Gaylussacia baccata,2
MS_09-d,MA,403,GAPR,Gaultheria procumbens,2
MS_09-d,MA,403,QUIL,Quercus ilicifolia,2
MS_09-d,MA,403,MELI,Melampyrum lineare,1
MS_09-d,MA,403,ARNU,Aralia nudicaulis,2
MS_09-d,MA,401,GABA,Gaylussacia baccata,4
MS_09-d,MA,401,VAPA,Vaccinium pallidum,4
MS_09-d,MA,399,GABA,Gaylussacia baccata,2
MS_09-d,MA,399,VAPA,Vaccinium pallidum,5
MS_09-d,MA,399,GAPR,Gaultheria procumbens,3
MS_09-d,MA,399,MELI,Melampyrum lineare,2
MS_09-d,MA,397,QUIL,Quercus ilicifolia,3
MS_09-d,MA,397,VAPA,Vaccinium pallidum,5
MS_09-d,MA,397,MELI,Melampyrum lineare,1
MS_09-d,MA,397,GAPR,Gaultheria procumbens,2
MS_09-d,MA,395,QUIL,Quercus ilicifolia,4
MS_09-d,MA,395,MELI,Melampyrum lineare,1
MS_09-d,MA,395,GAPR,Gaultheria procumbens,2
MS_09-d,MA,395,VAPA,Vaccinium pallidum,2
MS_09-d,MA,395,GABA,Gaylussacia baccata,2
MS_09-d,MA,393,ARNU,Aralia nudicaulis,2
MS_09-d,MA,393,QUIL,Quercus ilicifolia,2
MS_09-d,MA,393,GAPR,Gaultheria procumbens,3
MS_09-d,MA,393,VAPA,Vaccinium pallidum,3
MS_09-d,MA,393,MELI,Melampyrum lineare,1
MS_09-d,MA,393,GABA,Gaylussacia baccata,1
MS_09-d,MA,391,QUIL,Quercus ilicifolia,1
MS_09-d,MA,391,GABA,Gaylussacia baccata,3
MS_09-d,MA,391,VAPA,Vaccinium pallidum,4
MS_09-d,MA,391,GAPR,Gaultheria procumbens,2
MS_07-a,MA,635,PIST,Pinus strobus,1
MS_07-a,MA,635,VAPA,Vaccinium pallidum,4
MS_07-a,MA,635,GABA,Gaylussacia baccata,4
MS_07-a,MA,635,RUSP,Rubus species,1
MS_07-a,MA,635,GAPR,Gaultheria procumbens,2
MS_07-a,MA,635,PTAQ,Pteridium aquilinum,3
MS_07-a,MA,633,QUIL,Quercus ilicifolia,2
MS_07-a,MA,633,GABA,Gaylussacia baccata,5
MS_07-a,MA,633,VAPA,Vaccinium pallidum,4
MS_07-a,MA,633,GAPR,Gaultheria procumbens,2
MS_07-a,MA,633,MELI,Melampyrum lineare,1
MS_07-a,MA,631,PIST,Pinus strobus,1
MS_07-a,MA,631,QUAL,Quercus alba,2
MS_07-a,MA,631,VAPA,Vaccinium pallidum,3
MS_07-a,MA,631,GABA,Gaylussacia baccata,4
MS_07-a,MA,631,GAPR,Gaultheria procumbens,2
MS_07-a,MA,631,CAPE,Carex pensylvanica,1
MS_07-a,MA,631,MELI,Melampyrum lineare,1
MS_07-a,MA,629,PIST,Pinus strobus,1
MS_07-a,MA,629,GABA,Gaylussacia baccata,4
MS_07-a,MA,629,VAPA,Vaccinium pallidum,5
MS_07-a,MA,629,GAPR,Gaultheria procumbens,2
MS_07-a,MA,627,PIST,Pinus strobus,1
MS_07-a,MA,627,VAPA,Vaccinium pallidum,5
MS_07-a,MA,627,GABA,Gaylussacia baccata,4
MS_07-a,MA,627,GAPR,Gaultheria procumbens,4
MS_07-a,MA,627,MELI,Melampyrum lineare,1
MS_07-a,MA,625,PIST,Pinus strobus,1
MS_07-a,MA,625,QUCO,Quercus coccinea,2
MS_07-a,MA,625,ACRU,Acer rubrum,1
MS_07-a,MA,625,GABA,Gaylussacia baccata,4
MS_07-a,MA,625,GAPR,Gaultheria procumbens,2
MS_07-a,MA,625,VAAN,Vaccinium angustifolium,4
MS_07-a,MA,623,ACRU,Acer rubrum,2
MS_07-a,MA,623,QUIL,Quercus ilicifolia,4
MS_07-a,MA,623,VAPA,Vaccinium pallidum,3
MS_07-a,MA,623,GAPR,Gaultheria procumbens,4
MS_07-a,MA,623,KAAN,Kalmia angustifolium,2
MS_07-a,MA,623,CAPE,Carex pensylvanica,2
MS_07-a,MA,623,RUSP,Rubus species,2
MS_07-a,MA,621,PIST,Pinus strobus,1
MS_07-a,MA,621,QUIL,Quercus ilicifolia,3
MS_07-a,MA,621,VAPA,Vaccinium pallidum,4
MS_07-a,MA,621,GABA,Gaylussacia baccata,2
MS_07-a,MA,621,GAPR,Gaultheria procumbens,3
MS_07-a,MA,621,KAAN,Kalmia angustifolium,2
MS_07-a,MA,621,RUSP,Rubus species,1
MS_07-a,MA,619,PIST,Pinus strobus,1
MS_07-a,MA,619,QUIL,Quercus ilicifolia,2
MS_07-a,MA,619,GABA,Gaylussacia baccata,2
MS_07-a,MA,619,VAPA,Vaccinium pallidum,3
MS_07-a,MA,619,GAPR,Gaultheria procumbens,2
MS_07-a,MA,617,PIST,Pinus strobus,1
MS_07-a,MA,617,VAPA,Vaccinium pallidum,4
MS_07-a,MA,617,GABA,Gaylussacia baccata,1
MS_07-a,MA,617,GAPR,Gaultheria procumbens,2
MS_07-a,MA,615,PIST,Pinus strobus,1
MS_07-a,MA,615,FRAL,Frangula alnus,1
MS_07-a,MA,615,QUIL,Quercus ilicifolia,3
MS_07-a,MA,615,GABA,Gaylussacia baccata,5
MS_07-a,MA,615,VAPA,Vaccinium pallidum,4
MS_07-a,MA,615,VAAN,Vaccinium angustifolium,3
MS_07-a,MA,615,RUSP,Rubus species,1
MS_07-a,MA,615,GAPR,Gaultheria procumbens,2
MS_07-a,MA,613,PIST,Pinus strobus,1
MS_07-a,MA,613,VAPA,Vaccinium pallidum,5
MS_07-a,MA,613,QUIL,Quercus ilicifolia,1
MS_07-a,MA,613,GAPR,Gaultheria procumbens,2
MS_07-a,MA,613,MELI,Melampyrum lineare,1
MS_07-a,MA,613,KAAN,Kalmia angustifolium,2
MS_07-a,MA,613,RUSP,Rubus species,1
MS_07-a,MA,613,VAAN,Vaccinium angustifolium,1
TNCO_Zito2,NH,1064,ACRU,Acer rubrum,2
TNCO_Zito2,NH,1064,PIST,Pinus strobus,1
TNCO_Zito2,NH,1064,AMSP,Amelanchier spp.,1
TNCO_Zito2,NH,1064,KAAN,Kalmia angustifolium,3
TNCO_Zito2,NH,1064,VAMY,Vaccinium myrtilloides,3
TNCO_Zito2,NH,1064,GAPR,Gaultheria procumbens,3
TNCO_Zito2,NH,1064,LYBO,Lysimachia borealis,2
TNCO_Zito2,NH,1064,VAAN,Vaccinium angustifolium,2
TNCO_Zito2,NH,1064,PTAQ,Pteridium aquilinum,4
TNCO_Zito2,NH,1062,PIST,Pinus strobus,4
TNCO_Zito2,NH,1062,QURU,Quercus rubra,2
TNCO_Zito2,NH,1062,ACRU,Acer rubrum,1
TNCO_Zito2,NH,1062,VAMY,Vaccinium myrtilloides,4
TNCO_Zito2,NH,1062,GAPR,Gaultheria procumbens,2
TNCO_Zito2,NH,1062,VAAN,Vaccinium angustifolium,2
TNCO_Zito2,NH,1062,QUIL,Quercus ilicifolia,3
TNCO_Zito2,NH,1062,CAPE,Carex pensylvanica,2
TNCO_Zito2,NH,1060,PIST,Pinus strobus,2
TNCO_Zito2,NH,1060,ACRU,Acer rubrum,1
TNCO_Zito2,NH,1060,QUIL,Quercus ilicifolia,1
TNCO_Zito2,NH,1060,AMSP,Amelanchier spp.,2
TNCO_Zito2,NH,1060,VAAN,Vaccinium angustifolium,3
TNCO_Zito2,NH,1060,KAAN,Kalmia angustifolium,3
TNCO_Zito2,NH,1060,CAPE,Carex pensylvanica,2
TNCO_Zito2,NH,1060,GAPR,Gaultheria procumbens,3
TNCO_Zito2,NH,1058,QUIL,Quercus ilicifolia,2
TNCO_Zito2,NH,1058,ACRU,Acer rubrum,1
TNCO_Zito2,NH,1058,AMSP,Amelanchier spp.,2
TNCO_Zito2,NH,1058,GAPR,Gaultheria procumbens,2
TNCO_Zito2,NH,1058,VAAN,Vaccinium angustifolium,4
TNCO_Zito2,NH,1058,KAAN,Kalmia angustifolium,1
TNCO_Zito2,NH,1058,LYBO,Lysimachia borealis,1
TNCO_Zito2,NH,1056,QUIL,Quercus ilicifolia,3
TNCO_Zito2,NH,1056,PIST,Pinus strobus,1
TNCO_Zito2,NH,1056,ACRU,Acer rubrum,1
TNCO_Zito2,NH,1056,ACPE,Acer pennsylvania,1
TNCO_Zito2,NH,1056,GAPR,Gaultheria procumbens,4
TNCO_Zito2,NH,1056,CAPE,Carex pensylvanica,5
TNCO_Zito2,NH,1056,VAAN,Vaccinium angustifolium,2
TNCO_Zito2,NH,1056,FAGR,Fagus grandifolia,1
TNCO_Zito2,NH,1054,ACRU,Acer rubrum,2
TNCO_Zito2,NH,1054,PIST,Pinus strobus,1
TNCO_Zito2,NH,1054,AMSP,Amelanchier spp.,2
TNCO_Zito2,NH,1054,VAMY,Vaccinium myrtilloides,2
TNCO_Zito2,NH,1054,VAAN,Vaccinium angustifolium,3
TNCO_Zito2,NH,1054,GAPR,Gaultheria procumbens,3
TNCO_Zito2,NH,1054,KAAN,Kalmia angustifolium,2
TNCO_Zito2,NH,1054,PTAQ,Pteridium aquilinum,4
TNCO_Zito2,NH,1054,LYBO,Lysimachia borealis,2
TNCO_Zito2,NH,1054,CAPE,Carex pensylvanica,1
TNCO_Zito2,NH,1054,ARNU,Aralia nudicaulis,2
TNCO_Zito2,NH,1052,ACRU,Acer rubrum,1
TNCO_Zito2,NH,1052,VAAN,Vaccinium angustifolium,3
TNCO_Zito2,NH,1052,GAPR,Gaultheria procumbens,1
TNCO_Zito2,NH,1052,LYBO,Lysimachia borealis,1
TNCO_Zito2,NH,1050,ACRU,Acer rubrum,2
TNCO_Zito2,NH,1050,VAMY,Vaccinium myrtilloides,3
TNCO_Zito2,NH,1050,PIST,Pinus strobus,2
TNCO_Zito2,NH,1050,MICA,Maianthemum canadense,2
TNCO_Zito2,NH,1050,VAAN,Vaccinium angustifolium,3
TNCO_Zito2,NH,1050,KAAN,Kalmia angustifolium,2
TNCO_Zito2,NH,1050,GAPR,Gaultheria procumbens,2
TNCO_Zito2,NH,1050,PTAQ,Pteridium aquilinum,3
TNCO_Zito2,NH,1050,ARHI,Aralia hispida,2
TNCO_Zito2,NH,1050,COTR,Coptis trifolia,4
TNCO_Zito2,NH,1050,MEVI,Medeola virginiana,1
TNCO_Zito2,NH,1048,PIST,Pinus strobus,1
TNCO_Zito2,NH,1048,QUIL,Quercus ilicifolia,1
TNCO_Zito2,NH,1048,PTAQ,Pteridium aquilinum,3
TNCO_Zito2,NH,1048,VAAN,Vaccinium angustifolium,5
TNCO_Zito2,NH,1048,GAPR,Gaultheria procumbens,4
TNCO_Zito2,NH,1048,ARME,Aronia melanocarpa,1
TNCO_Zito2,NH,1048,LYBO,Lysimachia borealis,2
TNCO_Zito2,NH,1048,MELI,Melampyrum lineare,1
TNCO_Zito2,NH,986,ACRU,Acer rubrum,2
TNCO_Zito2,NH,986,AMSP,Amelanchier spp.,1
TNCO_Zito2,NH,986,KAAN,Kalmia angustifolium,4
TNCO_Zito2,NH,986,VAPA,Vaccinium pallidum,2
TNCO_Zito2,NH,986,VAAN,Vaccinium angustifolium,4
TNCO_Zito2,NH,986,GAPR,Gaultheria procumbens,3
TNCO_Zito2,NH,986,CYAC,Cypripedium acaule,2
TNCO_Zito2,NH,986,CAPE,Carex pensylvanica,1
TNCO_Zito2,NH,984,KAAN,Kalmia angustifolium,4
TNCO_Zito2,NH,984,GAPR,Gaultheria procumbens,4
TNCO_Zito2,NH,984,ACRU,Acer rubrum,1
TNCO_Zito2,NH,984,PIST,Pinus strobus,4
TNCO_Zito2,NH,984,MICA,Maianthemum canadense,2
TNCO_Zito2,NH,984,LYBO,Lysimachia borealis,1
TNCO_Zito2,NH,984,RUSP,Rubus species,2
TNCO_Zito2,NH,984,VAAN,Vaccinium angustifolium,1
TNCO_Zito2,NH,984,VAMY,Vaccinium myrtilloides,1
TNCO_Zito2,NH,984,ARME,Aronia melanocarpa,1
TNCO_Zito2,NH,984,MOUN,Monotropa uniflora,1
TNCO_Zito2,NH,982,PIST,Pinus strobus,1
TNCO_Zito2,NH,982,GAPR,Gaultheria procumbens,3
TNCO_Zito2,NH,982,KAAN,Kalmia angustifolium,3
TNCO_Zito2,NH,982,VAAN,Vaccinium angustifolium,2
TNCO_Zito2,NH,982,CAPE,Carex pensylvanica,2
TNCO_WB10,NH,935,PIST,Pinus strobus,2
TNCO_WB10,NH,935,ACRU,Acer rubrum,1
TNCO_WB10,NH,935,QUIL,Quercus ilicifolia,2
TNCO_WB10,NH,935,MELI,Melampyrum lineare,1
TNCO_WB10,NH,935,GAPR,Gaultheria procumbens,4
TNCO_WB10,NH,935,VAAN,Vaccinium angustifolium,3
TNCO_WB10,NH,935,CAPE,Carex pensylvanica,4
TNCO_WB10,NH,935,KAAN,Kalmia angustifolium,4
TNCO_WB10,NH,935,VAMY,Vaccinium myrtilloides,2
TNCO_WB10,NH,933,QUIL,Quercus ilicifolia,2
TNCO_WB10,NH,933,CAPE,Carex pensylvanica,6
TNCO_WB10,NH,933,PTAQ,Pteridium aquilinum,3
TNCO_WB10,NH,933,VAAN,Vaccinium angustifolium,4
TNCO_WB10,NH,933,GAPR,Gaultheria procumbens,3
TNCO_WB10,NH,931,PIST,Pinus strobus,1
TNCO_WB10,NH,931,ACRU,Acer rubrum,2
TNCO_WB10,NH,931,PTAQ,Pteridium aquilinum,5
TNCO_WB10,NH,931,GAPR,Gaultheria procumbens,4
TNCO_WB10,NH,931,VAAN,Vaccinium angustifolium,2
TNCO_WB10,NH,931,ARME,Aronia melanocarpa,2
TNCO_WB10,NH,931,LYBO,Lysimachia borealis,2
TNCO_WB10,NH,931,MELI,Melampyrum lineare,1
TNCO_WB10,NH,931,KAAN,Kalmia angustifolium,2
TNCO_WB10,NH,929,KAAN,Kalmia angustifolium,2
TNCO_WB10,NH,929,VAAN,Vaccinium angustifolium,4
TNCO_WB10,NH,929,CAPE,Carex pensylvanica,2
TNCO_WB10,NH,929,GAPR,Gaultheria procumbens,2
TNCO_WB10,NH,929,ARME,Aronia melanocarpa,1
TNCO_WB10,NH,929,EPRE,Epigaea repens,3
TNCO_WB10,NH,929,PTAQ,Pteridium aquilinum,4
TNCO_WB10,NH,927,AMSP,Amelanchier spp.,1
TNCO_WB10,NH,927,VAAN,Vaccinium angustifolium,4
TNCO_WB10,NH,927,MELI,Melampyrum lineare,1
TNCO_WB10,NH,927,GAPR,Gaultheria procumbens,3
TNCO_WB10,NH,927,CAPE,Carex pensylvanica,2
TNCO_WB10,NH,927,PTAQ,Pteridium aquilinum,3
TNCO_WB10,NH,925,PIST,Pinus strobus,2
TNCO_WB10,NH,925,QUIL,Quercus ilicifolia,3
TNCO_WB10,NH,925,PRSE,Prunus serotina,1
TNCO_WB10,NH,925,GAPR,Gaultheria procumbens,3
TNCO_WB10,NH,925,CAPE,Carex pensylvanica,2
TNCO_WB10,NH,925,VAAN,Vaccinium angustifolium,3
TNCO_WB10,NH,925,PTAQ,Pteridium aquilinum,4
TNCO_WB10,NH,923,QUIL,Quercus ilicifolia,5
TNCO_WB10,NH,923,PIST,Pinus strobus,2
TNCO_WB10,NH,923,VAAN,Vaccinium angustifolium,4
TNCO_WB10,NH,923,KAAN,Kalmia angustifolium,2
TNCO_WB10,NH,923,GAPR,Gaultheria procumbens,3
TNCO_WB10,NH,923,CAPE,Carex pensylvanica,2
TNCO_WB10,NH,921,QUIL,Quercus ilicifolia,3
TNCO_WB10,NH,921,VAAN,Vaccinium angustifolium,3
TNCO_WB10,NH,921,GAPR,Gaultheria procumbens,4
TNCO_WB10,NH,921,ARME,Aronia melanocarpa,3
TNCO_WB10,NH,921,CAPE,Carex pensylvanica,2
TNCO_WB10,NH,919,PIST,Pinus strobus,1
TNCO_WB10,NH,919,ACRU,Acer rubrum,1
TNCO_WB10,NH,919,QUIL,Quercus ilicifolia,3
TNCO_WB10,NH,919,VAAN,Vaccinium angustifolium,2
TNCO_WB10,NH,919,GAPR,Gaultheria procumbens,3
TNCO_WB10,NH,919,PTAQ,Pteridium aquilinum,5
TNCO_WB10,NH,919,CAPE,Carex pensylvanica,1
TNCO_WB10,NH,919,ARME,Aronia melanocarpa,1
TNCO_WB10,NH,917,PIST,Pinus strobus,1
TNCO_WB10,NH,917,ACRU,Acer rubrum,1
TNCO_WB10,NH,917,VAAN,Vaccinium angustifolium,4
TNCO_WB10,NH,917,CAPE,Carex pensylvanica,4
TNCO_WB10,NH,917,GAPR,Gaultheria procumbens,3
TNCO_WB10,NH,915,PIST,Pinus strobus,1
TNCO_WB10,NH,915,ACRU,Acer rubrum,2
TNCO_WB10,NH,915,QUIL,Quercus ilicifolia,3
TNCO_WB10,NH,915,VAAN,Vaccinium angustifolium,3
TNCO_WB10,NH,915,GAPR,Gaultheria procumbens,3
TNCO_WB10,NH,915,KAAN,Kalmia angustifolium,2
TNCO_WB10,NH,915,CAPE,Carex pensylvanica,1
TNCO_WB10,NH,915,ARME,Aronia melanocarpa,1
TNCO_WB10,NH,915,PTAQ,Pteridium aquilinum,4
TNCO_WB10,NH,913,ACRU,Acer rubrum,2
TNCO_WB10,NH,913,KAAN,Kalmia angustifolium,2
TNCO_WB10,NH,913,GAPR,Gaultheria procumbens,3
TNCO_WB10,NH,913,VAAN,Vaccinium angustifolium,2
TNCO_WB10,NH,913,VAMY,Vaccinium myrtilloides,3
TNCO_WB10,NH,913,CAPE,Carex pensylvanica,1
TNCW_14,ME,1096,VAAN,Vaccinium angustifolium,4
TNCW_14,ME,1096,QUIL,Quercus ilicifolia,8
TNCW_14,ME,1096,CAPE,Carex pensylvanica,3
TNCW_14,ME,1094,VAAN,Vaccinium angustifolium,5
TNCW_14,ME,1094,PTAQ,Pteridium aquilinum,4
TNCW_14,ME,1094,CAPE,Carex pensylvanica,2
TNCW_14,ME,1094,COPE,Comptonia peregrina,2
TNCW_14,ME,1092,QUIL,Quercus ilicifolia,3
TNCW_14,ME,1092,VAAN,Vaccinium angustifolium,6
TNCW_14,ME,1092,CAPE,Carex pensylvanica,2
TNCW_14,ME,1092,LYCL,Lycopodium clavatum,3
TNCW_14,ME,1090,QUIL,Quercus ilicifolia,3
TNCW_14,ME,1090,VAAN,Vaccinium angustifolium,8
TNCW_14,ME,1090,CAPE,Carex pensylvanica,2
TNCW_14,ME,1088,QUIL,Quercus ilicifolia,6
TNCW_14,ME,1088,AMSP,Amelanchier spp.,1
TNCW_14,ME,1088,VAAN,Vaccinium angustifolium,4
TNCW_14,ME,1088,CAPE,Carex pensylvanica,1
TNCW_14,ME,1086,QURU,Quercus rubra,2
TNCW_14,ME,1086,QUIL,Quercus ilicifolia,5
TNCW_14,ME,1086,PTAQ,Pteridium aquilinum,4
TNCW_14,ME,1086,CAPE,Carex pensylvanica,3
TNCW_14,ME,1086,VAAN,Vaccinium angustifolium,4
TNCW_14,ME,1083,COPE,Comptonia peregrina,1
TNCW_14,ME,1083,CAPE,Carex pensylvanica,2
TNCW_14,ME,1083,QUIL,Quercus ilicifolia,2
TNCW_14,ME,1083,PTAQ,Pteridium aquilinum,3
TNCW_14,ME,1083,VAAN,Vaccinium angustifolium,1
TNCW_14,ME,1081,PIST,Pinus strobus,2
TNCW_14,ME,1081,QUIL,Quercus ilicifolia,2
TNCW_14,ME,1081,CAPE,Carex pensylvanica,2
TNCW_14,ME,1081,PTAQ,Pteridium aquilinum,4
TNCW_14,ME,1081,VAAN,Vaccinium angustifolium,2
TNCW_14,ME,1081,ILMU,Ilex mucronata,1
TNCW_14,ME,1079,VAAN,Vaccinium angustifolium,4
TNCW_14,ME,1079,CAPE,Carex pensylvanica,5
TNCW_14,ME,1079,PTAQ,Pteridium aquilinum,2
TNCW_14,ME,1077,VAAN,Vaccinium angustifolium,4
TNCW_14,ME,1077,CAPE,Carex pensylvanica,3
TNCW_14,ME,1075,VAAN,Vaccinium angustifolium,8
TNCW_14,ME,1075,CAPE,Carex pensylvanica,2
TNCW_14,ME,1075,GAPR,Gaultheria procumbens,2
TNCW_14,ME,1075,COPE,Comptonia peregrina,1
TNCW_12,ME,1119,VAAN,Vaccinium angustifolium,6
TNCW_12,ME,1119,PTAQ,Pteridium aquilinum,4
TNCW_12,ME,1119,CAPE,Carex pensylvanica,2
TNCW_12,ME,1117,QUIL,Quercus ilicifolia,6
TNCW_12,ME,1117,CAPE,Carex pensylvanica,3
TNCW_12,ME,1117,VAAN,Vaccinium angustifolium,4
TNCW_12,ME,1117,PTAQ,Pteridium aquilinum,4
TNCW_12,ME,1115,QUIL,Quercus ilicifolia,2
TNCW_12,ME,1115,CAPE,Carex pensylvanica,3
TNCW_12,ME,1115,VAAN,Vaccinium angustifolium,4
TNCW_12,ME,1113,QUIL,Quercus ilicifolia,3
TNCW_12,ME,1113,AMSP,Amelanchier spp.,2
TNCW_12,ME,1113,RUSP,Rubus species,3
TNCW_12,ME,1113,VAMY,Vaccinium myrtilloides,4
TNCW_12,ME,1113,MICA,Maianthemum canadense,2
TNCW_12,ME,1113,LYBO,Lysimachia borealis,2
TNCW_12,ME,1113,CAPE,Carex pensylvanica,2
TNCW_12,ME,1113,ARME,Aronia melanocarpa,1
TNCW_12,ME,1113,VINU,Viburnum nudum var cassinoides,2
TNCW_12,ME,1113,PRSE,Prunus serotina,1
TNCW_12,ME,1113,GAPR,Gaultheria procumbens,2
TNCW_12,ME,1113,VAAN,Vaccinium angustifolium,4
TNCW_12,ME,1111,QUIL,Quercus ilicifolia,4
TNCW_12,ME,1111,POGR,Populus grandidentata,2
TNCW_12,ME,1111,PIST,Pinus strobus,2
TNCW_12,ME,1111,CAPE,Carex pensylvanica,5
TNCW_12,ME,1111,VAAN,Vaccinium angustifolium,3
TNCW_12,ME,1109,QUIL,Quercus ilicifolia,7
TNCW_12,ME,1109,CAPE,Carex pensylvanica,4
TNCW_12,ME,1109,VAAN,Vaccinium angustifolium,3
TNCW_12,ME,1107,ACRU,Acer rubrum,2
TNCW_12,ME,1107,QUIL,Quercus ilicifolia,4
TNCW_12,ME,1107,VAAN,Vaccinium angustifolium,4
TNCW_12,ME,1107,CAPE,Carex pensylvanica,4
TNCW_12,ME,1107,MELI,Melampyrum lineare,2
TNCW_12,ME,1107,GAPR,Gaultheria procumbens,3
TNCW_12,ME,1107,MICA,Maianthemum canadense,1
TNCW_12,ME,1105,ACRU,Acer rubrum,4
TNCW_12,ME,1105,QUIL,Quercus ilicifolia,4
TNCW_12,ME,1105,PRSE,Prunus serotina,2
TNCW_12,ME,1105,CAPE,Carex pensylvanica,6
TNCW_12,ME,1105,VAAN,Vaccinium angustifolium,4
TNCW_12,ME,1105,PTAQ,Pteridium aquilinum,3
TNCW_12,ME,1103,QUIL,Quercus ilicifolia,4
TNCW_12,ME,1103,PRSE,Prunus serotina,2
TNCW_12,ME,1103,CAPE,Carex pensylvanica,4
TNCW_12,ME,1103,KAAN,Kalmia angustifolium,3
TNCW_12,ME,1103,GAPR,Gaultheria procumbens,2
TNCW_12,ME,1103,LYQU,Lysimachia quadrifolia,2
TNCW_12,ME,1101,GAPR,Gaultheria procumbens,3
TNCW_12,ME,1101,PTAQ,Pteridium aquilinum,4
TNCW_12,ME,1101,CAPE,Carex pensylvanica,7
TNCW_12,ME,1101,MELI,Melampyrum lineare,1
TNCW_12,ME,1101,ACRU,Acer rubrum,1
TNCW_12,ME,1101,PRSE,Prunus serotina,1
TNCW_12,ME,1101,VINU,Viburnum nudum var cassinoides,1
TNCW_12,ME,1099,ACRU,Acer rubrum,2
TNCW_12,ME,1099,AMSP,Amelanchier spp.,1
TNCW_12,ME,1099,GAPR,Gaultheria procumbens,1
TNCW_12,ME,1099,VAMY,Vaccinium myrtilloides,3
TNCW_12,ME,1099,CAPE,Carex pensylvanica,2
TNCW_12,ME,1099,PTAQ,Pteridium aquilinum,3
TNCW_12,ME,1099,KAAN,Kalmia angustifolium,3
TNCW_12,ME,1099,UVSE,Uvularia sessilifolia,1
TNCW_12,ME,1099,MICA,Maianthemum canadense,1
TNCW_12,ME,1099,LYBO,Lysimachia borealis,2
TNCW_12,ME,1099,DEDE,Dendrolycopodium dendroideum,1
TNCW_12,ME,1099,CHCA,Chamaepericlymenum canadense,2
TNCW_12,ME,1099,RUSP,Rubus species,2
TNCW_12,ME,1099,POUN21,Poacaea sp. 21,1
TNCW_12,ME,1099,ARNU,Aralia nudicaulis,1
TNCW_12,ME,1099,ARME,Aronia melanocarpa,1